site,category,title,author,price,currency,rating,in_stock,stock_count,tags,url,scraped_at
quotes,,The world as we have created it is a process of our thinking. It cannot be changed without changing our thinking.,Albert Einstein,,,,,,change; deep-thoughts; thinking; world,https://quotes.toscrape.com/author/Albert-Einstein,2026-08-16T06:52:15Z
quotes,,"It is our choices, Harry, that show what we truly are, far more than our abilities.",J.K. Rowling,,,,,,abilities; choices,https://quotes.toscrape.com/author/J-K-Rowling,2026-08-16T06:52:15Z
quotes,,There are only two ways to live your life. One is as though nothing is a miracle. The other is as though everything is a miracle.,Albert Einstein,,,,,,inspirational; life; live; miracle; miracles,https://quotes.toscrape.com/author/Albert-Einstein,2026-08-16T06:52:15Z
quotes,,"The person, be it gentleman or lady, who has not pleasure in a good novel, must be intolerably stupid.",Jane Austen,,,,,,aliteracy; books; classic; humor,https://quotes.toscrape.com/author/Jane-Austen,2026-08-16T06:52:15Z
quotes,,"Imperfection is beauty, madness is genius and it's better to be absolutely ridiculous than absolutely boring.",Marilyn Monroe,,,,,,be-yourself; inspirational,https://quotes.toscrape.com/author/Marilyn-Monroe,2026-08-16T06:52:15Z
quotes,,Try not to become a man of success. Rather become a man of value.,Albert Einstein,,,,,,adulthood; success; value,https://quotes.toscrape.com/author/Albert-Einstein,2026-08-16T06:52:15Z
quotes,,It is better to be hated for what you are than to be loved for what you are not.,André Gide,,,,,,life; love,https://quotes.toscrape.com/author/Andre-Gide,2026-08-16T06:52:15Z
quotes,,"I have not failed. I've just found 10,000 ways that won't work.",Thomas A. Edison,,,,,,edison; failure; inspirational; paraphrased,https://quotes.toscrape.com/author/Thomas-A-Edison,2026-08-16T06:52:15Z
quotes,,A woman is like a tea bag; you never know how strong it is until it's in hot water.,Eleanor Roosevelt,,,,,,misattributed-eleanor-roosevelt,https://quotes.toscrape.com/author/Eleanor-Roosevelt,2026-08-16T06:52:15Z
quotes,,"A day without sunshine is like, you know, night.",Steve Martin,,,,,,humor; obvious; simile,https://quotes.toscrape.com/author/Steve-Martin,2026-08-16T06:52:15Z
quotes,,"This life is what you make it. No matter what, you're going to mess up sometimes, it's a universal truth. But the good part is you get to decide how you're going to mess it up. Girls will be your friends - they'll act like it anyway. But just remember, some come, some go. The ones that stay with you through everything - they're your true best friends. Don't let go of them. Also remember, sisters make the best friends in the world. As for lovers, well, they'll come and go too. And baby, I hate to say it, most of them - actually pretty much all of them are going to break your heart, but you can't give up because if you give up, you'll never find your soulmate. You'll never find that half who makes you whole and that goes for everything. Just because you fail once, doesn't mean you're gonna fail at everything. Keep trying, hold on, and always, always, always believe in yourself, because if you don't, then who will, sweetie? So keep your head high, keep your chin up, and most importantly, keep smiling, because life's a beautiful thing and there's so much to smile about.",Marilyn Monroe,,,,,,friends; heartbreak; inspirational; life; love; sisters,https://quotes.toscrape.com/author/Marilyn-Monroe,2026-08-16T06:52:16Z
quotes,,"It takes a great deal of bravery to stand up to our enemies, but just as much to stand up to our friends.",J.K. Rowling,,,,,,courage; friends,https://quotes.toscrape.com/author/J-K-Rowling,2026-08-16T06:52:16Z
quotes,,"If you can't explain it to a six year old, you don't understand it yourself.",Albert Einstein,,,,,,simplicity; understand,https://quotes.toscrape.com/author/Albert-Einstein,2026-08-16T06:52:16Z
quotes,,"You may not be her first, her last, or her only. She loved before she may love again. But if she loves you now, what else matters? She's not perfect—you aren't either, and the two of you may never be perfect together but if she can make you laugh, cause you to think twice, and admit to being human and making mistakes, hold onto her and give her the most you can. She may not be thinking about you every second of the day, but she will give you a part of her that she knows you can break—her heart. So don't hurt her, don't change her, don't analyze and don't expect more than she can give. Smile when she makes you happy, let her know when she makes you mad, and miss her when she's not there.",Bob Marley,,,,,,love,https://quotes.toscrape.com/author/Bob-Marley,2026-08-16T06:52:16Z
quotes,,"I like nonsense, it wakes up the brain cells. Fantasy is a necessary ingredient in living.",Dr. Seuss,,,,,,fantasy,https://quotes.toscrape.com/author/Dr-Seuss,2026-08-16T06:52:16Z
quotes,,"I may not have gone where I intended to go, but I think I have ended up where I needed to be.",Douglas Adams,,,,,,life; navigation,https://quotes.toscrape.com/author/Douglas-Adams,2026-08-16T06:52:16Z
quotes,,"The opposite of love is not hate, it's indifference. The opposite of art is not ugliness, it's indifference. The opposite of faith is not heresy, it's indifference. And the opposite of life is not death, it's indifference.",Elie Wiesel,,,,,,activism; apathy; hate; indifference; inspirational; love; opposite; philosophy,https://quotes.toscrape.com/author/Elie-Wiesel,2026-08-16T06:52:16Z
quotes,,"It is not a lack of love, but a lack of friendship that makes unhappy marriages.",Friedrich Nietzsche,,,,,,friendship; lack-of-friendship; lack-of-love; love; marriage; unhappy-marriage,https://quotes.toscrape.com/author/Friedrich-Nietzsche,2026-08-16T06:52:16Z
quotes,,"Good friends, good books, and a sleepy conscience: this is the ideal life.",Mark Twain,,,,,,books; contentment; friends; friendship; life,https://quotes.toscrape.com/author/Mark-Twain,2026-08-16T06:52:16Z
quotes,,Life is what happens to us while we are making other plans.,Allen Saunders,,,,,,fate; life; misattributed-john-lennon; planning; plans,https://quotes.toscrape.com/author/Allen-Saunders,2026-08-16T06:52:16Z
quotes,,"I love you without knowing how, or when, or from where. I love you simply, without problems or pride: I love you in this way because I do not know any other way of loving but this, in which there is no I or you, so intimate that your hand upon my chest is my hand, so intimate that when I fall asleep your eyes close.",Pablo Neruda,,,,,,love; poetry,https://quotes.toscrape.com/author/Pablo-Neruda,2026-08-16T06:52:16Z
quotes,,For every minute you are angry you lose sixty seconds of happiness.,Ralph Waldo Emerson,,,,,,happiness,https://quotes.toscrape.com/author/Ralph-Waldo-Emerson,2026-08-16T06:52:16Z
quotes,,"If you judge people, you have no time to love them.",Mother Teresa,,,,,,attributed-no-source,https://quotes.toscrape.com/author/Mother-Teresa,2026-08-16T06:52:16Z
quotes,,Anyone who thinks sitting in church can make you a Christian must also think that sitting in a garage can make you a car.,Garrison Keillor,,,,,,humor; religion,https://quotes.toscrape.com/author/Garrison-Keillor,2026-08-16T06:52:16Z
quotes,,Beauty is in the eye of the beholder and it may be necessary from time to time to give a stupid or misinformed beholder a black eye.,Jim Henson,,,,,,humor,https://quotes.toscrape.com/author/Jim-Henson,2026-08-16T06:52:16Z
quotes,,"Today you are You, that is truer than true. There is no one alive who is Youer than You.",Dr. Seuss,,,,,,comedy; life; yourself,https://quotes.toscrape.com/author/Dr-Seuss,2026-08-16T06:52:16Z
quotes,,"If you want your children to be intelligent, read them fairy tales. If you want them to be more intelligent, read them more fairy tales.",Albert Einstein,,,,,,children; fairy-tales,https://quotes.toscrape.com/author/Albert-Einstein,2026-08-16T06:52:16Z
quotes,,"It is impossible to live without failing at something, unless you live so cautiously that you might as well not have lived at all - in which case, you fail by default.",J.K. Rowling,,,,,,,https://quotes.toscrape.com/author/J-K-Rowling,2026-08-16T06:52:16Z
quotes,,Logic will get you from A to Z; imagination will get you everywhere.,Albert Einstein,,,,,,imagination,https://quotes.toscrape.com/author/Albert-Einstein,2026-08-16T06:52:16Z
quotes,,"One good thing about music, when it hits you, you feel no pain.",Bob Marley,,,,,,music,https://quotes.toscrape.com/author/Bob-Marley,2026-08-16T06:52:16Z
quotes,,"The more that you read, the more things you will know. The more that you learn, the more places you'll go.",Dr. Seuss,,,,,,learning; reading; seuss,https://quotes.toscrape.com/author/Dr-Seuss,2026-08-16T06:52:17Z
quotes,,"Of course it is happening inside your head, Harry, but why on earth should that mean that it is not real?",J.K. Rowling,,,,,,dumbledore,https://quotes.toscrape.com/author/J-K-Rowling,2026-08-16T06:52:17Z
quotes,,"The truth is, everyone is going to hurt you. You just got to find the ones worth suffering for.",Bob Marley,,,,,,friendship,https://quotes.toscrape.com/author/Bob-Marley,2026-08-16T06:52:17Z
quotes,,Not all of us can do great things. But we can do small things with great love.,Mother Teresa,,,,,,misattributed-to-mother-teresa; paraphrased,https://quotes.toscrape.com/author/Mother-Teresa,2026-08-16T06:52:17Z
quotes,,"To the well-organized mind, death is but the next great adventure.",J.K. Rowling,,,,,,death; inspirational,https://quotes.toscrape.com/author/J-K-Rowling,2026-08-16T06:52:17Z
quotes,,All you need is love. But a little chocolate now and then doesn't hurt.,Charles M. Schulz,,,,,,chocolate; food; humor,https://quotes.toscrape.com/author/Charles-M-Schulz,2026-08-16T06:52:17Z
quotes,,We read to know we're not alone.,William Nicholson,,,,,,misattributed-to-c-s-lewis; reading,https://quotes.toscrape.com/author/William-Nicholson,2026-08-16T06:52:17Z
quotes,,Any fool can know. The point is to understand.,Albert Einstein,,,,,,knowledge; learning; understanding; wisdom,https://quotes.toscrape.com/author/Albert-Einstein,2026-08-16T06:52:17Z
quotes,,I have always imagined that Paradise will be a kind of library.,Jorge Luis Borges,,,,,,books; library,https://quotes.toscrape.com/author/Jorge-Luis-Borges,2026-08-16T06:52:17Z
quotes,,It is never too late to be what you might have been.,George Eliot,,,,,,inspirational,https://quotes.toscrape.com/author/George-Eliot,2026-08-16T06:52:17Z
quotes,,"A reader lives a thousand lives before he dies, said Jojen. The man who never reads lives only one.",George R.R. Martin,,,,,,read; readers; reading; reading-books,https://quotes.toscrape.com/author/George-R-R-Martin,2026-08-16T06:52:18Z
quotes,,You can never get a cup of tea large enough or a book long enough to suit me.,C.S. Lewis,,,,,,books; inspirational; reading; tea,https://quotes.toscrape.com/author/C-S-Lewis,2026-08-16T06:52:18Z
quotes,,You believe lies so you eventually learn to trust no one but yourself.,Marilyn Monroe,,,,,,,https://quotes.toscrape.com/author/Marilyn-Monroe,2026-08-16T06:52:18Z
quotes,,"If you can make a woman laugh, you can make her do anything.",Marilyn Monroe,,,,,,girls; love,https://quotes.toscrape.com/author/Marilyn-Monroe,2026-08-16T06:52:18Z
quotes,,"Life is like riding a bicycle. To keep your balance, you must keep moving.",Albert Einstein,,,,,,life; simile,https://quotes.toscrape.com/author/Albert-Einstein,2026-08-16T06:52:18Z
quotes,,The real lover is the man who can thrill you by kissing your forehead or smiling into your eyes or just staring into space.,Marilyn Monroe,,,,,,love,https://quotes.toscrape.com/author/Marilyn-Monroe,2026-08-16T06:52:18Z
quotes,,"A wise girl kisses but doesn't love, listens but doesn't believe, and leaves before she is left.",Marilyn Monroe,,,,,,attributed-no-source,https://quotes.toscrape.com/author/Marilyn-Monroe,2026-08-16T06:52:18Z
quotes,,Only in the darkness can you see the stars.,Martin Luther King Jr.,,,,,,hope; inspirational,https://quotes.toscrape.com/author/Martin-Luther-King-Jr,2026-08-16T06:52:18Z
quotes,,"It matters not what someone is born, but what they grow to be.",J.K. Rowling,,,,,,dumbledore,https://quotes.toscrape.com/author/J-K-Rowling,2026-08-16T06:52:18Z
quotes,,"Love does not begin and end the way we seem to think it does. Love is a battle, love is a war; love is a growing up.",James Baldwin,,,,,,love,https://quotes.toscrape.com/author/James-Baldwin,2026-08-16T06:52:18Z
